{
    "params": {
        "max_depth": 255,
        "min_samples_leaf": 1,
        "min_samples_split": 2,
        "min_impurity_decrease": 0.0,
        "random_state": 42,
        "n_pair": 9,
        "gamma": 1.0,
        "max_iter": 100,
        "relative_change": 0.001,
        "use_oblique": true,
        "categories": [],
        "ccp_alpha": 0.0,
        "task": false,
        "n_classes": 2,
        "n_features": 9,
        "cat_": false
    },
    "tree": {
        "n_samples": 2035,
        "impurity": 0.0029440564084299847,
        "is_leaf": false,
        "is_oblique": false,
        "feature_idx": 5,
        "missing_go_left": true,
        "value": 0.9985257985257985,
        "threshold": 157.33770699633465,
        "left": {
            "n_samples": 594,
            "impurity": 0.010049994898479797,
            "is_leaf": false,
            "is_oblique": false,
            "feature_idx": 5,
            "missing_go_left": true,
            "value": 0.9949494949494949,
            "threshold": 157.33764051693927,
            "left": {
                "n_samples": 593,
                "impurity": 0.0067226126051831425,
                "is_leaf": false,
                "is_oblique": false,
                "feature_idx": 5,
                "missing_go_left": true,
                "value": 0.9966273187183811,
                "threshold": 157.32710813962575,
                "left": {
                    "n_samples": 526,
                    "impurity": 0.0,
                    "is_leaf": true,
                    "value": 1.0
                },
                "right": {
                    "n_samples": 67,
                    "impurity": 0.05791935843172191,
                    "is_leaf": false,
                    "is_oblique": true,
                    "weights": [
                        0.30632411024815237,
                        0.0320329462555095,
                        0.48259082820746674,
                        -0.27577949374870414,
                        -0.36113595942822124,
                        0.14692301252972625,
                        -0.2922790766321319,
                        -1.0,
                        -0.8852718449058415
                    ],
                    "features": [
                        0,
                        1,
                        2,
                        3,
                        4,
                        5,
                        6,
                        7,
                        8
                    ],
                    "threshold": 47.963575438533766,
                    "value": 0.9701492537313433,
                    "left": {
                        "n_samples": 3,
                        "impurity": 0.4444444444444445,
                        "is_leaf": false,
                        "is_oblique": true,
                        "weights": [
                            -1.0,
                            0.5407140224924002,
                            0.1549028027217452,
                            0.7509746449926801,
                            -0.4646816945711368,
                            0.17242840492153216,
                            0.6803946256828822,
                            -0.33644653934733515,
                            0.496790583384999
                        ],
                        "features": [
                            0,
                            1,
                            2,
                            3,
                            4,
                            5,
                            6,
                            7,
                            8
                        ],
                        "threshold": 98.98882589756874,
                        "value": 0.3333333333333333,
                        "left": {
                            "n_samples": 1,
                            "impurity": 0.0,
                            "is_leaf": true,
                            "value": 1.0
                        },
                        "right": {
                            "n_samples": 2,
                            "impurity": 0.0,
                            "is_leaf": true,
                            "value": 0.0
                        }
                    },
                    "right": {
                        "n_samples": 64,
                        "impurity": 0.0,
                        "is_leaf": true,
                        "value": 1.0
                    }
                }
            },
            "right": {
                "n_samples": 1,
                "impurity": 0.0,
                "is_leaf": true,
                "value": 0.0
            }
        },
        "right": {
            "n_samples": 1441,
            "impurity": 0.0,
            "is_leaf": true,
            "value": 1.0
        }
    }
}