{
    "params": {
        "max_depth": 255,
        "min_samples_leaf": 1,
        "min_samples_split": 2,
        "min_impurity_decrease": 0.0,
        "random_state": 42,
        "n_pair": 9,
        "gamma": 1.0,
        "max_iter": 100,
        "relative_change": 0.001,
        "use_oblique": true,
        "categories": [],
        "ccp_alpha": 0.0,
        "task": false,
        "n_classes": 2,
        "n_features": 9,
        "cat_": false
    },
    "tree": {
        "n_samples": 2151,
        "impurity": 0.0018578711295342831,
        "is_leaf": false,
        "is_oblique": true,
        "weights": [
            0.1590047793331811,
            -0.531233592427544,
            0.38466275712748443,
            0.482110254585008,
            -1.0,
            -0.6674650692591478,
            0.06552783476048937,
            -0.16209814598443034,
            -0.008664332495885515
        ],
        "features": [
            0,
            1,
            2,
            3,
            4,
            5,
            6,
            7,
            8
        ],
        "threshold": -113.59631457432047,
        "value": 0.99907019990702,
        "left": {
            "n_samples": 2149,
            "impurity": 0.0,
            "is_leaf": true,
            "value": 1.0
        },
        "right": {
            "n_samples": 2,
            "impurity": 0.0,
            "is_leaf": true,
            "value": 0.0
        }
    }
}